id_lokasi_asal,id_lokasi_tujuan,jarak_km,waktu_tempuh_menit
I0001,I0002,"2,16",3
I0001,I0003,"0,98",2
I0001,C0001,"16,59",16
I0001,C0002,"17,49",19
I0001,C0003,"19,22",21
I0001,C0004,"11,73",12
I0001,C0005,"13,49",12
I0001,C0006,"18,97",17
I0001,C0007,"13,92",13
I0001,C0008,"19,06",20
I0001,P0001,"32,98",29
I0001,P0002,"67,95",58
I0001,P0003,"69,19",59
I0001,P0004,"65,12",56
I0001,P0005,"57,15",53
I0001,P0006,"60,82",56
I0001,P0007,"74,11",64
I0001,P0008,"66,62",59
I0001,P0009,"75,17",63
I0001,P0010,"66,27",58
I0001,S0001,"1,62",4
I0001,S0002,"2,48",4
I0001,S0003,"0,92",2
I0001,S0004,"1,51",3
I0001,S0005,"7,17",7
I0001,S0006,"24,99",27
I0001,S0007,"4,28",5
I0001,S0008,20,22
I0001,S0009,"7,62",11
I0001,S0010,"7,93",10
I0001,A0001,"18,81",21
I0001,A0002,"24,87",25
I0001,A0003,"30,47",27
I0001,A0004,"44,84",39
I0001,A0005,"46,87",47
I0001,A0006,"33,72",35
I0001,A0007,"20,03",16
I0001,A0008,"24,41",26
I0001,A0009,"29,08",26
I0001,A0010,"34,42",31
I0001,K0001,"21,36",18
I0001,K0002,"22,63",26
I0001,K0003,"44,65",47
I0001,K0004,"17,1",18
I0001,K0005,"19,54",21
I0001,H0001,"2,93",6
I0001,H0002,"4,54",5
I0001,H0003,"10,49",12
I0001,B0001,"4,38",7
I0002,I0001,"2,95",4
I0002,I0003,"3,93",5
I0002,C0001,"16,53",16
I0002,C0002,"17,42",19
I0002,C0003,"19,16",20
I0002,C0004,"11,67",12
I0002,C0005,"13,43",12
I0002,C0006,"18,91",17
I0002,C0007,"13,85",12
I0002,C0008,"18,99",20
I0002,P0001,"33,82",30
I0002,P0002,"67,89",57
I0002,P0003,"69,13",59
I0002,P0004,"65,06",56
I0002,P0005,"64,24",53
I0002,P0006,"64,63",55
I0002,P0007,"74,05",64
I0002,P0008,"66,55",59
I0002,P0009,"75,11",62
I0002,P0010,"66,2",58
I0002,S0001,"4,72",7
I0002,S0002,"5,32",7
I0002,S0003,"3,87",5
I0002,S0004,"4,46",7
I0002,S0005,"5,35",5
I0002,S0006,"24,06",25
I0002,S0007,"4,22",5
I0002,S0008,"19,71",23
I0002,S0009,"8,78",12
I0002,S0010,"7,87",9
I0002,A0001,"18,75",21
I0002,A0002,"24,58",26
I0002,A0003,"30,4",27
I0002,A0004,"44,78",38
I0002,A0005,"46,81",47
I0002,A0006,"34,56",36
I0002,A0007,"19,97",16
I0002,A0008,"23,48",24
I0002,A0009,"29,02",26
I0002,A0010,"35,25",32
I0002,K0001,"21,3",17
I0002,K0002,"22,57",25
I0002,K0003,"46,95",49
I0002,K0004,"17,94",19
I0002,K0005,"18,61",19
I0002,H0001,"5,77",8
I0002,H0002,"2,72",3
I0002,H0003,"9,68",11
I0002,B0001,"5,56",7
I0003,I0001,"1,99",3
I0003,I0002,"3,74",5
I0003,C0001,"17,9",19
I0003,C0002,"18,79",22
I0003,C0003,"20,52",23
I0003,C0004,"13,03",14
I0003,C0005,"14,8",15
I0003,C0006,"20,27",19
I0003,C0007,"15,22",15
I0003,C0008,"20,36",23
I0003,P0001,32,27
I0003,P0002,"65,59",57
I0003,P0003,"66,98",59
I0003,P0004,"62,77",56
I0003,P0005,"56,17",51
I0003,P0006,"59,84",54
I0003,P0007,"71,9",64
I0003,P0008,"64,26",59
I0003,P0009,"72,96",63
I0003,P0010,"63,91",58
I0003,S0001,"0,64",2
I0003,S0002,"1,49",3
I0003,S0003,"1,32",2
I0003,S0004,"0,53",1
I0003,S0005,"7,71",7
I0003,S0006,"28,96",28
I0003,S0007,"5,59",8
I0003,S0008,"19,02",20
I0003,S0009,"6,96",9
I0003,S0010,"9,24",12
I0003,A0001,"20,11",23
I0003,A0002,"23,89",23
I0003,A0003,"28,25",27
I0003,A0004,"42,63",39
I0003,A0005,"44,66",47
I0003,A0006,"32,74",33
I0003,A0007,"17,81",17
I0003,A0008,"28,39",27
I0003,A0009,"26,87",26
I0003,A0010,"33,44",29
I0003,K0001,"19,15",18
I0003,K0002,"23,94",28
I0003,K0003,"43,67",45
I0003,K0004,"16,12",16
I0003,K0005,"23,52",22
I0003,H0001,"1,94",4
I0003,H0002,"5,08",5
I0003,H0003,"15,12",14
I0003,B0001,"3,77",7
C0001,I0001,"16,79",18
C0001,I0002,"15,65",16
C0001,I0003,"17,77",19
C0001,C0002,"6,18",12
C0001,C0003,"7,91",13
C0001,C0004,"10,75",13
C0001,C0005,"3,5",7
C0001,C0006,"2,76",7
C0001,C0007,"3,31",7
C0001,C0008,"4,91",12
C0001,P0001,"46,86",41
C0001,P0002,"62,09",57
C0001,P0003,"63,34",59
C0001,P0004,"59,27",56
C0001,P0005,"58,45",53
C0001,P0006,"58,84",56
C0001,P0007,"68,26",64
C0001,P0008,"60,76",59
C0001,P0009,"69,32",63
C0001,P0010,"60,41",58
C0001,S0001,"18,56",21
C0001,S0002,"19,26",22
C0001,S0003,"17,7",20
C0001,S0004,"18,29",21
C0001,S0005,"19,46",19
C0001,S0006,"26,7",27
C0001,S0007,"12,72",14
C0001,S0008,"30,08",31
C0001,S0009,"17,32",19
C0001,S0010,"11,19",14
C0001,A0001,"7,51",13
C0001,A0002,"34,95",33
C0001,A0003,"24,61",27
C0001,A0004,"38,99",38
C0001,A0005,"41,02",47
C0001,A0006,"50,45",52
C0001,A0007,"14,17",16
C0001,A0008,"26,12",26
C0001,A0009,"23,23",26
C0001,A0010,"51,14",48
C0001,K0001,"15,51",18
C0001,K0002,"11,33",18
C0001,K0003,"57,32",56
C0001,K0004,"33,83",34
C0001,K0005,"23,06",24
C0001,H0001,"19,69",23
C0001,H0002,"18,34",19
C0001,H0003,"15,73",18
C0001,B0001,"14,9",16
C0002,I0001,17,19
C0002,I0002,"15,87",17
C0002,I0003,"17,98",21
C0002,C0001,"5,74",9
C0002,C0003,"3,96",7
C0002,C0004,"10,97",15
C0002,C0005,"7,13",9
C0002,C0006,"8,12",10
C0002,C0007,"6,94",9
C0002,C0008,"4,44",9
C0002,P0001,"47,08",43
C0002,P0002,"59,59",54
C0002,P0003,"60,83",55
C0002,P0004,"56,76",53
C0002,P0005,"55,94",49
C0002,P0006,"56,34",52
C0002,P0007,"65,75",60
C0002,P0008,"58,26",56
C0002,P0009,"66,81",59
C0002,P0010,"57,91",55
C0002,S0001,"18,78",22
C0002,S0002,"19,48",23
C0002,S0003,"17,92",21
C0002,S0004,"18,51",22
C0002,S0005,"19,68",20
C0002,S0006,"30,34",29
C0002,S0007,"12,93",15
C0002,S0008,"30,3",32
C0002,S0009,"17,54",20
C0002,S0010,"11,4",16
C0002,A0001,"3,55",8
C0002,A0002,"31,68",35
C0002,A0003,"22,11",23
C0002,A0004,"36,48",35
C0002,A0005,"38,51",43
C0002,A0006,"50,66",53
C0002,A0007,"11,67",13
C0002,A0008,"29,77",28
C0002,A0009,"20,72",23
C0002,A0010,"51,36",49
C0002,K0001,13,14
C0002,K0002,"7,37",12
C0002,K0003,"59,45",56
C0002,K0004,"34,04",35
C0002,K0005,"26,7",26
C0002,H0001,"19,91",24
C0002,H0002,"18,56",20
C0002,H0003,"15,95",19
C0002,B0001,"15,12",17
C0003,I0001,"18,79",20
C0003,I0002,"17,66",19
C0003,I0003,"19,77",22
C0003,C0001,"7,89",12
C0003,C0002,"4,38",8
C0003,C0004,"12,76",16
C0003,C0005,"9,29",11
C0003,C0006,"10,27",13
C0003,C0007,"9,1",11
C0003,C0008,"2,8",6
C0003,P0001,"48,86",44
C0003,P0002,"53,68",52
C0003,P0003,"54,92",54
C0003,P0004,"50,85",51
C0003,P0005,"50,03",48
C0003,P0006,"50,43",51
C0003,P0007,"59,84",59
C0003,P0008,"52,35",54
C0003,P0009,"60,9",58
C0003,P0010,52,53
C0003,S0001,"20,56",24
C0003,S0002,"21,26",25
C0003,S0003,"19,71",22
C0003,S0004,"20,3",24
C0003,S0005,"21,47",22
C0003,S0006,"32,49",31
C0003,S0007,"14,72",16
C0003,S0008,"32,08",33
C0003,S0009,"19,32",21
C0003,S0010,"13,19",17
C0003,A0001,"1,37",3
C0003,A0002,"32,35",37
C0003,A0003,"22,78",25
C0003,A0004,"30,57",33
C0003,A0005,"32,6",42
C0003,A0006,"52,45",55
C0003,A0007,"12,34",14
C0003,A0008,"31,92",30
C0003,A0009,"10,4",13
C0003,A0010,"53,14",51
C0003,K0001,"13,68",15
C0003,K0002,"3,41",5
C0003,K0003,"53,54",55
C0003,K0004,"35,83",37
C0003,K0005,"28,86",29
C0003,H0001,"21,69",25
C0003,H0002,"20,34",22
C0003,H0003,"17,74",20
C0003,B0001,"16,91",19
C0004,I0001,"12,04",12
C0004,I0002,"10,91",10
C0004,I0003,"13,02",14
C0004,C0001,"9,46",10
C0004,C0002,"10,35",14
C0004,C0003,"12,08",15
C0004,C0005,"6,36",6
C0004,C0006,"11,83",11
C0004,C0007,"6,78",7
C0004,C0008,"11,92",15
C0004,P0001,"42,11",36
C0004,P0002,"63,3",56
C0004,P0003,"64,54",58
C0004,P0004,"60,47",55
C0004,P0005,"59,65",52
C0004,P0006,"60,05",54
C0004,P0007,"69,46",62
C0004,P0008,"61,97",58
C0004,P0009,"70,53",61
C0004,P0010,"61,62",57
C0004,S0001,"13,81",15
C0004,S0002,"14,51",16
C0004,S0003,"12,95",14
C0004,S0004,"13,55",15
C0004,S0005,"14,71",13
C0004,S0006,"23,83",26
C0004,S0007,"7,97",8
C0004,S0008,"25,33",25
C0004,S0009,"12,57",13
C0004,S0010,"6,44",9
C0004,A0001,"11,67",15
C0004,A0002,"30,2",27
C0004,A0003,"25,82",26
C0004,A0004,"40,19",37
C0004,A0005,"42,22",46
C0004,A0006,"45,7",46
C0004,A0007,"15,38",15
C0004,A0008,"23,26",25
C0004,A0009,"24,43",25
C0004,A0010,"46,39",42
C0004,K0001,"16,72",16
C0004,K0002,"15,5",20
C0004,K0003,"52,57",50
C0004,K0004,"29,08",28
C0004,K0005,"18,39",20
C0004,H0001,"14,94",17
C0004,H0002,"13,59",13
C0004,H0003,"5,17",7
C0004,B0001,"10,15",10
C0005,I0001,"13,39",11
C0005,I0002,"12,26",10
C0005,I0003,"14,37",13
C0005,C0001,"3,52",5
C0005,C0002,"5,45",9
C0005,C0003,"7,18",10
C0005,C0004,"7,36",7
C0005,C0006,"5,9",6
C0005,C0007,"0,85",1
C0005,C0008,"5,99",9
C0005,P0001,"43,46",35
C0005,P0002,"59,62",52
C0005,P0003,"60,86",54
C0005,P0004,"56,79",51
C0005,P0005,"55,97",48
C0005,P0006,"56,37",50
C0005,P0007,"65,78",59
C0005,P0008,"58,29",54
C0005,P0009,"66,84",57
C0005,P0010,"57,94",53
C0005,S0001,"15,16",15
C0005,S0002,"15,86",16
C0005,S0003,"14,31",13
C0005,S0004,"14,9",15
C0005,S0005,"16,06",13
C0005,S0006,"26,21",23
C0005,S0007,"9,32",7
C0005,S0008,"26,68",24
C0005,S0009,"13,92",12
C0005,S0010,"7,79",8
C0005,A0001,"6,77",10
C0005,A0002,"31,55",27
C0005,A0003,"22,14",22
C0005,A0004,"36,51",33
C0005,A0005,"38,54",42
C0005,A0006,"47,05",46
C0005,A0007,"11,7",11
C0005,A0008,"25,64",22
C0005,A0009,"20,75",21
C0005,A0010,"47,74",42
C0005,K0001,"13,03",12
C0005,K0002,"10,6",15
C0005,K0003,"53,93",50
C0005,K0004,"30,43",28
C0005,K0005,"22,58",20
C0005,H0001,"16,29",16
C0005,H0002,"14,94",13
C0005,H0003,"12,34",11
C0005,B0001,"11,51",10
C0006,I0001,"19,1",16
C0006,I0002,"17,97",15
C0006,I0003,"20,08",18
C0006,C0001,"2,77",7
C0006,C0002,"8,07",10
C0006,C0003,"9,8",11
C0006,C0004,"13,07",12
C0006,C0005,"5,81",5
C0006,C0007,"5,62",6
C0006,C0008,"6,8",10
C0006,P0001,"49,17",40
C0006,P0002,"63,98",56
C0006,P0003,"65,22",58
C0006,P0004,"61,15",55
C0006,P0005,"60,33",52
C0006,P0006,"60,73",54
C0006,P0007,"70,14",62
C0006,P0008,"62,65",58
C0006,P0009,"71,2",61
C0006,P0010,"62,3",57
C0006,S0001,"20,87",20
C0006,S0002,"21,57",21
C0006,S0003,"20,02",18
C0006,S0004,"20,61",20
C0006,S0005,"21,78",18
C0006,S0006,"25,88",25
C0006,S0007,"15,03",12
C0006,S0008,"32,39",29
C0006,S0009,"19,63",18
C0006,S0010,"13,5",13
C0006,A0001,"9,39",12
C0006,A0002,"37,26",32
C0006,A0003,"26,5",26
C0006,A0004,"40,87",37
C0006,A0005,"42,9",46
C0006,A0006,"52,76",51
C0006,A0007,"16,06",15
C0006,A0008,"25,31",24
C0006,A0009,"21,91",24
C0006,A0010,"53,46",47
C0006,K0001,"17,39",16
C0006,K0002,"10,99",17
C0006,K0003,"59,64",55
C0006,K0004,"36,14",33
C0006,K0005,"21,83",21
C0006,H0001,"22,01",21
C0006,H0002,"20,65",18
C0006,H0003,"18,05",16
C0006,B0001,"17,22",15
C0007,I0001,"14,06",12
C0007,I0002,"12,93",11
C0007,I0003,"15,05",14
C0007,C0001,"3,06",5
C0007,C0002,"6,8",9
C0007,C0003,"8,53",10
C0007,C0004,"8,03",8
C0007,C0005,"0,78",1
C0007,C0006,"5,44",6
C0007,C0008,"5,53",9
C0007,P0001,"44,14",36
C0007,P0002,"60,29",53
C0007,P0003,"61,54",55
C0007,P0004,"57,47",52
C0007,P0005,"56,65",49
C0007,P0006,"57,04",51
C0007,P0007,"66,46",60
C0007,P0008,"58,96",55
C0007,P0009,"67,52",58
C0007,P0010,"58,61",54
C0007,S0001,"15,84",16
C0007,S0002,"16,54",17
C0007,S0003,"14,98",14
C0007,S0004,"15,57",15
C0007,S0005,"16,74",14
C0007,S0006,"25,75",23
C0007,S0007,10,8
C0007,S0008,"27,36",25
C0007,S0009,"14,6",13
C0007,S0010,"8,46",9
C0007,A0001,"8,12",11
C0007,A0002,"32,23",28
C0007,A0003,"22,81",23
C0007,A0004,"37,19",34
C0007,A0005,"39,22",43
C0007,A0006,"47,73",47
C0007,A0007,"12,37",12
C0007,A0008,"25,18",22
C0007,A0009,"21,43",22
C0007,A0010,"48,42",43
C0007,K0001,"13,71",13
C0007,K0002,"11,94",15
C0007,K0003,"54,6",51
C0007,K0004,"31,11",29
C0007,K0005,"22,12",20
C0007,H0001,"16,97",17
C0007,H0002,"15,62",14
C0007,H0003,"13,01",12
C0007,B0001,"12,18",11
C0008,I0001,"19,12",20
C0008,I0002,"17,99",18
C0008,I0003,"20,1",22
C0008,C0001,"4,44",10
C0008,C0002,"6,04",12
C0008,C0003,"2,8",6
C0008,C0004,"13,09",16
C0008,C0005,"5,83",9
C0008,C0006,"6,82",10
C0008,C0007,"5,64",9
C0008,P0001,"49,19",44
C0008,P0002,"61,96",57
C0008,P0003,"63,2",59
C0008,P0004,"59,13",56
C0008,P0005,"58,31",53
C0008,P0006,"58,7",56
C0008,P0007,"68,12",64
C0008,P0008,"60,62",59
C0008,P0009,"69,18",63
C0008,P0010,"60,27",58
C0008,S0001,"20,89",23
C0008,S0002,"21,6",24
C0008,S0003,"20,04",22
C0008,S0004,"20,63",23
C0008,S0005,"21,8",21
C0008,S0006,"29,04",29
C0008,S0007,"15,05",16
C0008,S0008,"32,41",33
C0008,S0009,"19,65",21
C0008,S0010,"13,52",17
C0008,A0001,"1,91",5
C0008,A0002,"34,04",39
C0008,A0003,"24,47",27
C0008,A0004,"38,85",38
C0008,A0005,"40,88",47
C0008,A0006,"52,78",54
C0008,A0007,"14,04",16
C0008,A0008,"28,47",28
C0008,A0009,"13,19",19
C0008,A0010,"53,48",50
C0008,K0001,"15,37",17
C0008,K0002,"6,21",11
C0008,K0003,"59,66",58
C0008,K0004,"36,16",37
C0008,K0005,"25,4",26
C0008,H0001,"22,03",25
C0008,H0002,"20,67",21
C0008,H0003,"18,07",20
C0008,B0001,"17,24",18
P0001,I0001,"33,11",29
P0001,I0002,"33,72",29
P0001,I0003,"32,44",29
P0001,C0001,"46,77",40
P0001,C0002,"47,67",43
P0001,C0003,"49,4",44
P0001,C0004,"41,91",36
P0001,C0005,"43,67",36
P0001,C0006,"49,15",41
P0001,C0007,"44,1",36
P0001,C0008,"49,24",44
P0001,P0002,"50,07",37
P0001,P0003,"53,47",41
P0001,P0004,"47,24",36
P0001,P0005,"40,65",31
P0001,P0006,"44,32",34
P0001,P0007,"62,21",48
P0001,P0008,"48,74",39
P0001,P0009,"66,05",49
P0001,P0010,"48,39",38
P0001,S0001,"31,86",28
P0001,S0002,"29,86",25
P0001,S0003,"32,37",29
P0001,S0004,"32,01",27
P0001,S0005,"37,68",32
P0001,S0006,"58,93",52
P0001,S0007,"37,86",31
P0001,S0008,"21,12",20
P0001,S0009,"32,34",28
P0001,S0010,"36,25",32
P0001,A0001,"48,99",45
P0001,A0002,"25,99",22
P0001,A0003,"29,55",27
P0001,A0004,"55,2",49
P0001,A0005,"32,06",49
P0001,A0006,"44,51",42
P0001,A0007,"42,22",35
P0001,A0008,"58,36",51
P0001,A0009,"53,61",45
P0001,A0010,"41,09",36
P0001,K0001,"43,56",36
P0001,K0002,"52,81",49
P0001,K0003,"28,15",26
P0001,K0004,"39,18",34
P0001,K0005,"53,49",46
P0001,H0001,"30,31",26
P0001,H0002,"35,05",30
P0001,H0003,"42,86",37
P0001,B0001,"32,56",29
P0002,I0001,"68,3",58
P0002,I0002,"67,17",56
P0002,I0003,"67,51",59
P0002,C0001,"61,87",56
P0002,C0002,"59,86",54
P0002,C0003,"61,6",55
P0002,C0004,"64,2",57
P0002,C0005,"59,76",53
P0002,C0006,"64,25",56
P0002,C0007,"61,65",54
P0002,C0008,"62,21",58
P0002,P0001,50,37
P0002,P0003,"5,27",6
P0002,P0004,"2,66",3
P0002,P0005,"11,34",10
P0002,P0006,"6,53",6
P0002,P0007,"14,02",13
P0002,P0008,"0,93",2
P0002,P0009,"17,85",14
P0002,P0010,2,3
P0002,S0001,"66,94",58
P0002,S0002,"68,55",57
P0002,S0003,"67,45",59
P0002,S0004,"67,08",57
P0002,S0005,"72,51",61
P0002,S0006,"88,97",77
P0002,S0007,"64,23",54
P0002,S0008,"53,44",45
P0002,S0009,"62,5",54
P0002,S0010,"62,62",55
P0002,A0001,"61,19",56
P0002,A0002,"53,91",46
P0002,A0003,"52,58",53
P0002,A0004,"34,32",35
P0002,A0005,"38,87",46
P0002,A0006,"93,76",76
P0002,A0007,"48,17",42
P0002,A0008,"88,4",76
P0002,A0009,"43,32",40
P0002,A0010,"90,34",71
P0002,K0001,"48,05",42
P0002,K0002,"50,62",48
P0002,K0003,"39,3",34
P0002,K0004,"88,43",68
P0002,K0005,"83,53",72
P0002,H0001,"66,86",58
P0002,H0002,"69,85",59
P0002,H0003,"69,23",60
P0002,B0001,"62,1",54
P0003,I0001,"69,59",60
P0003,I0002,"68,46",58
P0003,I0003,"70,57",61
P0003,C0001,"63,16",57
P0003,C0002,"61,16",56
P0003,C0003,"62,89",57
P0003,C0004,"65,49",59
P0003,C0005,"61,05",55
P0003,C0006,"65,54",58
P0003,C0007,"62,94",56
P0003,C0008,"63,5",60
P0003,P0001,"53,47",41
P0003,P0002,"5,27",6
P0003,P0004,"7,93",9
P0003,P0005,"14,81",14
P0003,P0006,"12,18",12
P0003,P0007,"12,99",14
P0003,P0008,"6,2",8
P0003,P0009,"16,83",15
P0003,P0010,"7,27",9
P0003,S0001,"67,33",61
P0003,S0002,"68,12",61
P0003,S0003,"70,51",62
P0003,S0004,"67,47",60
P0003,S0005,"73,81",63
P0003,S0006,"90,27",79
P0003,S0007,"65,52",56
P0003,S0008,"56,9",49
P0003,S0009,"63,79",56
P0003,S0010,"63,92",57
P0003,A0001,"62,48",58
P0003,A0002,"57,38",50
P0003,A0003,"56,05",57
P0003,A0004,"35,62",37
P0003,A0005,"42,34",50
P0003,A0006,"97,23",80
P0003,A0007,"49,47",43
P0003,A0008,"89,69",78
P0003,A0009,"44,62",42
P0003,A0010,"93,81",75
P0003,K0001,"49,34",44
P0003,K0002,"51,92",50
P0003,K0003,"42,77",38
P0003,K0004,"91,9",72
P0003,K0005,"84,82",73
P0003,H0001,"67,25",61
P0003,H0002,"71,14",61
P0003,H0003,"70,52",62
P0003,B0001,"63,4",55
P0004,I0001,"65,52",57
P0004,I0002,"64,39",55
P0004,I0003,"64,73",58
P0004,C0001,"59,09",55
P0004,C0002,"57,08",53
P0004,C0003,"58,82",54
P0004,C0004,"61,42",56
P0004,C0005,"56,98",52
P0004,C0006,"61,47",55
P0004,C0007,"58,87",53
P0004,C0008,"59,43",57
P0004,P0001,"47,22",36
P0004,P0002,"2,66",3
P0004,P0003,"7,93",9
P0004,P0005,"7,71",9
P0004,P0006,"4,23",5
P0004,P0007,"16,68",16
P0004,P0008,"1,86",4
P0004,P0009,"20,51",17
P0004,P0010,"0,84",2
P0004,S0001,"64,16",57
P0004,S0002,"65,77",56
P0004,S0003,"64,67",58
P0004,S0004,"64,3",56
P0004,S0005,"69,73",60
P0004,S0006,"86,2",76
P0004,S0007,"61,45",53
P0004,S0008,"50,66",44
P0004,S0009,"59,72",53
P0004,S0010,"59,84",54
P0004,A0001,"58,41",55
P0004,A0002,"51,13",45
P0004,A0003,"49,8",52
P0004,A0004,"31,55",34
P0004,A0005,"36,09",45
P0004,A0006,"90,98",75
P0004,A0007,"45,39",41
P0004,A0008,"85,62",75
P0004,A0009,"40,55",39
P0004,A0010,"87,56",70
P0004,K0001,"45,27",41
P0004,K0002,"47,84",47
P0004,K0003,"36,52",33
P0004,K0004,"85,65",67
P0004,K0005,"80,75",71
P0004,H0001,"64,08",57
P0004,H0002,"67,07",58
P0004,H0003,"66,45",59
P0004,B0001,"59,32",52
P0005,I0001,"64,35",53
P0005,I0002,"63,22",51
P0005,I0003,"58,13",53
P0005,C0001,"57,93",51
P0005,C0002,"55,92",49
P0005,C0003,"57,65",50
P0005,C0004,"60,25",52
P0005,C0005,"55,81",48
P0005,C0006,"60,3",51
P0005,C0007,"57,7",49
P0005,C0008,"58,26",53
P0005,P0001,"40,62",31
P0005,P0002,"11,24",10
P0005,P0003,"14,64",14
P0005,P0004,"8,41",9
P0005,P0006,"4,76",6
P0005,P0007,"23,38",21
P0005,P0008,"9,91",12
P0005,P0009,"27,22",22
P0005,P0010,"9,56",11
P0005,S0001,"57,56",52
P0005,S0002,"59,18",51
P0005,S0003,"58,07",53
P0005,S0004,"57,7",52
P0005,S0005,"68,57",56
P0005,S0006,"85,03",72
P0005,S0007,"60,29",49
P0005,S0008,"44,06",40
P0005,S0009,"58,55",49
P0005,S0010,"58,68",50
P0005,A0001,"57,24",51
P0005,A0002,"44,53",40
P0005,A0003,"43,2",47
P0005,A0004,"30,08",32
P0005,A0005,"29,49",40
P0005,A0006,"84,38",70
P0005,A0007,"44,23",37
P0005,A0008,"84,46",71
P0005,A0009,"39,38",35
P0005,A0010,"80,96",65
P0005,K0001,"44,1",37
P0005,K0002,"46,68",43
P0005,K0003,"29,92",29
P0005,K0004,"79,05",63
P0005,K0005,"79,59",67
P0005,H0001,"57,48",53
P0005,H0002,"65,91",54
P0005,H0003,"65,28",55
P0005,B0001,"58,16",48
P0006,I0001,"67,93",55
P0006,I0002,"66,8",54
P0006,I0003,"61,71",56
P0006,C0001,"61,5",53
P0006,C0002,"59,49",52
P0006,C0003,"61,23",53
P0006,C0004,"63,83",55
P0006,C0005,"59,39",51
P0006,C0006,"63,88",54
P0006,C0007,"61,28",52
P0006,C0008,"61,84",55
P0006,P0001,"44,2",34
P0006,P0002,"6,53",7
P0006,P0003,"12,15",12
P0006,P0004,"4,23",5
P0006,P0005,"4,67",6
P0006,P0007,"20,9",19
P0006,P0008,"5,73",7
P0006,P0009,"24,73",20
P0006,P0010,"5,38",6
P0006,S0001,"61,13",55
P0006,S0002,"62,75",54
P0006,S0003,"61,65",56
P0006,S0004,"61,28",55
P0006,S0005,"72,15",59
P0006,S0006,"88,61",75
P0006,S0007,"63,86",51
P0006,S0008,"47,63",42
P0006,S0009,"62,13",52
P0006,S0010,"62,26",52
P0006,A0001,"60,82",54
P0006,A0002,"48,11",43
P0006,A0003,"46,78",50
P0006,A0004,"31,12",34
P0006,A0005,"33,07",43
P0006,A0006,"87,96",73
P0006,A0007,"47,8",39
P0006,A0008,"88,03",74
P0006,A0009,"42,96",38
P0006,A0010,"84,54",68
P0006,K0001,"47,68",40
P0006,K0002,"50,25",46
P0006,K0003,"33,5",31
P0006,K0004,"82,63",65
P0006,K0005,"83,16",69
P0006,H0001,"61,06",55
P0006,H0002,"69,48",57
P0006,H0003,"68,86",57
P0006,B0001,"61,74",51
P0007,I0001,"74,51",65
P0007,I0002,"73,38",63
P0007,I0003,"75,49",66
P0007,C0001,"68,08",62
P0007,C0002,"66,08",61
P0007,C0003,"67,81",62
P0007,C0004,"70,41",64
P0007,C0005,"65,97",60
P0007,C0006,"70,46",63
P0007,C0007,"67,86",61
P0007,C0008,"68,42",65
P0007,P0001,"62,21",48
P0007,P0002,"14,02",13
P0007,P0003,"12,99",14
P0007,P0004,"16,68",16
P0007,P0005,"23,55",22
P0007,P0006,"20,92",19
P0007,P0008,"14,95",15
P0007,P0009,"12,67",13
P0007,P0010,"16,02",16
P0007,S0001,"72,25",66
P0007,S0002,"73,04",66
P0007,S0003,"75,43",66
P0007,S0004,"72,39",65
P0007,S0005,"78,73",68
P0007,S0006,"95,19",84
P0007,S0007,"70,44",61
P0007,S0008,"65,65",57
P0007,S0009,"68,71",61
P0007,S0010,"68,84",62
P0007,A0001,"67,4",63
P0007,A0002,57,55
P0007,A0003,"55,67",62
P0007,A0004,"40,54",42
P0007,A0005,"49,09",57
P0007,A0006,"105,97",88
P0007,A0007,"54,39",48
P0007,A0008,"94,61",83
P0007,A0009,"49,54",47
P0007,A0010,"102,55",82
P0007,K0001,"54,26",49
P0007,K0002,"56,84",55
P0007,K0003,"51,51",46
P0007,K0004,"88,32",80
P0007,K0005,"89,74",78
P0007,H0001,"72,17",66
P0007,H0002,"76,06",66
P0007,H0003,"75,44",67
P0007,B0001,"68,32",60
P0008,I0001,"67,01",60
P0008,I0002,"65,88",58
P0008,I0003,"66,23",60
P0008,C0001,"60,59",57
P0008,C0002,"58,58",56
P0008,C0003,"60,31",57
P0008,C0004,"62,91",59
P0008,C0005,"58,47",55
P0008,C0006,"62,96",58
P0008,C0007,"60,36",56
P0008,C0008,"60,92",60
P0008,P0001,"48,72",38
P0008,P0002,"0,93",2
P0008,P0003,"6,2",8
P0008,P0004,"1,86",4
P0008,P0005,"9,21",12
P0008,P0006,"5,73",8
P0008,P0007,"14,95",15
P0008,P0009,"18,78",16
P0008,P0010,"1,2",4
P0008,S0001,"65,65",60
P0008,S0002,"67,27",59
P0008,S0003,"66,16",61
P0008,S0004,"65,8",59
P0008,S0005,"71,23",63
P0008,S0006,"87,69",79
P0008,S0007,"62,95",56
P0008,S0008,"52,15",47
P0008,S0009,"61,21",56
P0008,S0010,"61,34",57
P0008,A0001,"59,9",58
P0008,A0002,"52,63",48
P0008,A0003,"51,3",55
P0008,A0004,"33,04",37
P0008,A0005,"37,59",48
P0008,A0006,"92,48",78
P0008,A0007,"46,89",44
P0008,A0008,"87,12",78
P0008,A0009,"42,04",42
P0008,A0010,"89,06",73
P0008,K0001,"46,76",44
P0008,K0002,"49,34",50
P0008,K0003,"38,02",36
P0008,K0004,"87,14",70
P0008,K0005,"82,25",74
P0008,H0001,"65,57",60
P0008,H0002,"68,57",61
P0008,H0003,"67,95",62
P0008,B0001,"60,82",55
P0009,I0001,"75,89",63
P0009,I0002,"74,76",62
P0009,I0003,"76,87",65
P0009,C0001,"69,46",61
P0009,C0002,"67,45",60
P0009,C0003,"69,18",61
P0009,C0004,"71,79",63
P0009,C0005,"67,35",59
P0009,C0006,"71,84",62
P0009,C0007,"69,24",60
P0009,C0008,"69,8",63
P0009,P0001,"66,04",49
P0009,P0002,"17,84",14
P0009,P0003,"16,82",15
P0009,P0004,"20,5",17
P0009,P0005,"27,38",22
P0009,P0006,"24,75",20
P0009,P0007,"12,66",13
P0009,P0008,"18,77",16
P0009,P0010,"19,84",17
P0009,S0001,"73,63",64
P0009,S0002,"74,41",65
P0009,S0003,"76,8",65
P0009,S0004,"73,77",64
P0009,S0005,"80,1",67
P0009,S0006,"96,56",83
P0009,S0007,"71,82",59
P0009,S0008,"69,47",58
P0009,S0009,"70,09",60
P0009,S0010,"70,21",60
P0009,A0001,"68,78",62
P0009,A0002,"58,37",54
P0009,A0003,"57,04",61
P0009,A0004,"41,6",41
P0009,A0005,"50,47",55
P0009,A0006,"109,8",88
P0009,A0007,"55,76",47
P0009,A0008,"95,99",82
P0009,A0009,"50,91",46
P0009,A0010,"106,38",83
P0009,K0001,"55,64",48
P0009,K0002,"58,21",54
P0009,K0003,"55,34",47
P0009,K0004,"89,7",79
P0009,K0005,"91,12",77
P0009,H0001,"73,55",65
P0009,H0002,"77,44",65
P0009,H0003,"76,82",65
P0009,B0001,"69,69",59
P0010,I0001,"66,66",59
P0010,I0002,"65,53",57
P0010,I0003,"65,88",59
P0010,C0001,"60,24",56
P0010,C0002,"58,23",55
P0010,C0003,"59,96",56
P0010,C0004,"62,56",58
P0010,C0005,"58,12",54
P0010,C0006,"62,61",57
P0010,C0007,"60,01",55
P0010,C0008,"60,57",59
P0010,P0001,"48,37",37
P0010,P0002,2,3
P0010,P0003,"7,27",9
P0010,P0004,"0,84",3
P0010,P0005,"8,86",11
P0010,P0006,"5,38",6
P0010,P0007,"16,02",16
P0010,P0008,"1,2",4
P0010,P0009,"19,85",17
P0010,S0001,"65,3",59
P0010,S0002,"66,92",58
P0010,S0003,"65,81",60
P0010,S0004,"65,45",58
P0010,S0005,"70,88",62
P0010,S0006,"87,34",78
P0010,S0007,"62,6",55
P0010,S0008,"51,8",46
P0010,S0009,"60,86",55
P0010,S0010,"60,99",56
P0010,A0001,"59,55",57
P0010,A0002,"52,28",47
P0010,A0003,"50,95",54
P0010,A0004,"32,69",36
P0010,A0005,"37,24",47
P0010,A0006,"92,13",77
P0010,A0007,"46,54",42
P0010,A0008,"86,77",77
P0010,A0009,"41,69",41
P0010,A0010,"88,71",71
P0010,K0001,"46,41",43
P0010,K0002,"48,99",49
P0010,K0003,"37,67",35
P0010,K0004,"86,79",69
P0010,K0005,"81,9",72
P0010,H0001,"65,22",59
P0010,H0002,"68,22",60
P0010,H0003,"67,6",61
P0010,B0001,"60,47",54
S0001,I0001,"2,63",4
S0001,I0002,"4,38",6
S0001,I0003,"2,02",4
S0001,C0001,"18,43",20
S0001,C0002,"19,32",23
S0001,C0003,"21,05",24
S0001,C0004,"13,56",16
S0001,C0005,"15,33",16
S0001,C0006,"20,8",21
S0001,C0007,"15,75",16
S0001,C0008,"20,89",24
S0001,P0001,"31,87",28
S0001,P0002,"65,62",57
S0001,P0003,67,60
S0001,P0004,"62,79",56
S0001,P0005,"56,19",52
S0001,P0006,"59,87",55
S0001,P0007,"71,92",65
S0001,P0008,"64,29",59
S0001,P0009,"72,99",64
S0001,P0010,"63,94",58
S0001,S0002,"1,16",3
S0001,S0003,"1,96",4
S0001,S0004,"0,46",2
S0001,S0005,"8,35",9
S0001,S0006,"29,6",29
S0001,S0007,"6,12",9
S0001,S0008,"19,05",21
S0001,S0009,"6,98",10
S0001,S0010,"9,77",13
S0001,A0001,"20,64",25
S0001,A0002,"23,92",23
S0001,A0003,"28,28",28
S0001,A0004,"42,65",39
S0001,A0005,"44,68",48
S0001,A0006,"33,38",35
S0001,A0007,"17,84",17
S0001,A0008,"29,03",28
S0001,A0009,"26,89",27
S0001,A0010,"34,08",31
S0001,K0001,"19,18",18
S0001,K0002,"24,47",30
S0001,K0003,"43,7",46
S0001,K0004,"16,76",18
S0001,K0005,"24,16",24
S0001,H0001,"1,61",4
S0001,H0002,"5,72",7
S0001,H0003,"12,32",16
S0001,B0001,"5,61",8
S0002,I0001,"3,98",7
S0002,I0002,"5,69",8
S0002,I0003,"3,55",6
S0002,C0001,"19,66",22
S0002,C0002,"20,55",25
S0002,C0003,"22,29",26
S0002,C0004,"14,8",18
S0002,C0005,"16,56",18
S0002,C0006,"22,04",23
S0002,C0007,"16,98",19
S0002,C0008,"22,12",26
S0002,P0001,"30,04",26
S0002,P0002,"65,65",58
S0002,P0003,"67,03",61
S0002,P0004,"62,82",57
S0002,P0005,"56,22",53
S0002,P0006,"59,89",56
S0002,P0007,"71,95",66
S0002,P0008,"64,31",60
S0002,P0009,"73,01",65
S0002,P0010,"63,96",59
S0002,S0001,"1,95",5
S0002,S0003,"3,49",6
S0002,S0004,"2,11",5
S0002,S0005,"9,65",11
S0002,S0006,"30,91",31
S0002,S0007,"7,35",11
S0002,S0008,"19,07",22
S0002,S0009,"7,01",11
S0002,S0010,"10,16",15
S0002,A0001,"21,88",27
S0002,A0002,"23,94",24
S0002,A0003,"28,3",29
S0002,A0004,"42,68",40
S0002,A0005,"44,71",49
S0002,A0006,"33,73",36
S0002,A0007,"17,87",18
S0002,A0008,"30,33",30
S0002,A0009,"26,92",28
S0002,A0010,"34,43",32
S0002,K0001,"19,2",19
S0002,K0002,"25,7",32
S0002,K0003,"43,72",47
S0002,K0004,"17,11",18
S0002,K0005,"25,46",26
S0002,H0001,"0,45",1
S0002,H0002,"7,03",9
S0002,H0003,"13,56",18
S0002,B0001,"5,63",9
S0003,I0001,"2,17",3
S0003,I0002,"3,93",5
S0003,I0003,"0,18",1
S0003,C0001,"18,08",19
S0003,C0002,"18,97",22
S0003,C0003,"20,7",23
S0003,C0004,"13,22",15
S0003,C0005,"14,98",15
S0003,C0006,"20,46",20
S0003,C0007,"15,4",16
S0003,C0008,"20,54",23
S0003,P0001,"32,18",27
S0003,P0002,"65,78",57
S0003,P0003,"67,16",60
S0003,P0004,"62,95",56
S0003,P0005,"56,35",52
S0003,P0006,"60,02",55
S0003,P0007,"72,08",65
S0003,P0008,"64,44",59
S0003,P0009,"73,14",63
S0003,P0010,"64,09",58
S0003,S0001,"0,83",2
S0003,S0002,"1,68",3
S0003,S0004,"0,71",2
S0003,S0005,"7,89",8
S0003,S0006,"29,14",28
S0003,S0007,"5,77",8
S0003,S0008,"19,2",21
S0003,S0009,"7,14",10
S0003,S0010,"9,42",13
S0003,A0001,"20,3",24
S0003,A0002,"24,07",23
S0003,A0003,"28,43",28
S0003,A0004,"42,81",39
S0003,A0005,"44,84",48
S0003,A0006,"32,92",34
S0003,A0007,18,17
S0003,A0008,"28,57",27
S0003,A0009,"27,05",27
S0003,A0010,"33,62",30
S0003,K0001,"19,33",18
S0003,K0002,"24,12",29
S0003,K0003,"43,85",46
S0003,K0004,"16,31",16
S0003,K0005,"23,7",23
S0003,H0001,"2,13",4
S0003,H0002,"5,26",6
S0003,H0003,"15,3",15
S0003,B0001,"3,96",7
S0004,I0001,"2,26",3
S0004,I0002,"4,02",6
S0004,I0003,"1,66",3
S0004,C0001,"18,34",19
S0004,C0002,"19,24",22
S0004,C0003,"20,97",24
S0004,C0004,"13,48",15
S0004,C0005,"15,24",15
S0004,C0006,"20,72",20
S0004,C0007,"15,67",16
S0004,C0008,"20,81",24
S0004,P0001,"32,27",28
S0004,P0002,"65,54",57
S0004,P0003,"66,92",59
S0004,P0004,"62,71",56
S0004,P0005,"56,11",51
S0004,P0006,"59,78",54
S0004,P0007,"71,84",64
S0004,P0008,"64,21",59
S0004,P0009,"72,9",63
S0004,P0010,"63,86",58
S0004,S0001,"0,48",2
S0004,S0002,"1,35",3
S0004,S0003,"1,59",3
S0004,S0005,"7,98",8
S0004,S0006,"29,24",29
S0004,S0007,"6,03",8
S0004,S0008,"18,97",20
S0004,S0009,"6,9",9
S0004,S0010,"9,68",13
S0004,A0001,"20,56",24
S0004,A0002,"23,83",23
S0004,A0003,"28,2",27
S0004,A0004,"42,57",39
S0004,A0005,"44,6",47
S0004,A0006,"33,02",34
S0004,A0007,"17,76",17
S0004,A0008,"28,66",27
S0004,A0009,"26,81",26
S0004,A0010,"33,71",30
S0004,K0001,"19,09",18
S0004,K0002,"24,38",29
S0004,K0003,"43,62",45
S0004,K0004,"16,4",17
S0004,K0005,"23,79",23
S0004,H0001,"1,8",4
S0004,H0002,"5,36",6
S0004,H0003,"12,24",15
S0004,B0001,"5,52",7
S0005,I0001,"7,15",8
S0005,I0002,"5,72",6
S0005,I0003,"8,13",9
S0005,C0001,"18,12",16
S0005,C0002,"19,01",19
S0005,C0003,"20,74",20
S0005,C0004,"10,6",12
S0005,C0005,"15,02",12
S0005,C0006,"20,49",17
S0005,C0007,"15,44",13
S0005,C0008,"20,58",20
S0005,P0001,"38,12",33
S0005,P0002,"71,07",60
S0005,P0003,"72,31",61
S0005,P0004,"68,24",59
S0005,P0005,"67,42",56
S0005,P0006,"67,82",58
S0005,P0007,"77,23",66
S0005,P0008,"69,74",62
S0005,P0009,"78,3",65
S0005,P0010,"69,39",61
S0005,S0001,"9,36",10
S0005,S0002,"9,62",10
S0005,S0003,"8,06",10
S0005,S0004,"9,48",10
S0005,S0006,"21,62",21
S0005,S0007,"7,41",7
S0005,S0008,"28,24",27
S0005,S0009,"15,48",15
S0005,S0010,12,12
S0005,A0001,"20,33",21
S0005,A0002,"33,1",30
S0005,A0003,"33,59",29
S0005,A0004,"47,96",41
S0005,A0005,"49,99",49
S0005,A0006,"38,72",37
S0005,A0007,"23,15",19
S0005,A0008,"21,05",20
S0005,A0009,"32,2",29
S0005,A0010,"39,42",34
S0005,K0001,"24,49",20
S0005,K0002,"24,16",26
S0005,K0003,"55,48",53
S0005,K0004,"22,1",20
S0005,K0005,"16,18",16
S0005,H0001,"10,07",12
S0005,H0002,"5,25",5
S0005,H0003,"7,78",8
S0005,B0001,"10,16",10
S0006,I0001,"25,36",26
S0006,I0002,"23,64",24
S0006,I0003,"26,34",28
S0006,C0001,"26,61",25
S0006,C0002,"30,34",29
S0006,C0003,"32,07",30
S0006,C0004,"23,83",26
S0006,C0005,"26,13",23
S0006,C0006,"25,54",24
S0006,C0007,"25,94",23
S0006,C0008,"29,07",29
S0006,P0001,"58,95",53
S0006,P0002,"87,99",77
S0006,P0003,"89,23",78
S0006,P0004,"85,16",75
S0006,P0005,"84,34",72
S0006,P0006,"84,74",75
S0006,P0007,"94,15",83
S0006,P0008,"86,66",78
S0006,P0009,"95,21",82
S0006,P0010,"86,31",77
S0006,S0001,"27,13",30
S0006,S0002,"30,45",30
S0006,S0003,"26,28",28
S0006,S0004,"26,87",29
S0006,S0005,"20,03",22
S0006,S0007,"25,1",25
S0006,S0008,"45,15",44
S0006,S0009,"32,39",32
S0006,S0010,"26,26",28
S0006,A0001,"31,66",31
S0006,A0002,"50,02",46
S0006,A0003,"50,51",46
S0006,A0004,"64,88",58
S0006,A0005,"66,91",66
S0006,A0006,"59,56",57
S0006,A0007,"40,07",35
S0006,A0008,"0,57",1
S0006,A0009,"49,12",45
S0006,A0010,"60,25",53
S0006,K0001,"41,4",37
S0006,K0002,"35,48",35
S0006,K0003,"72,4",69
S0006,K0004,"42,94",40
S0006,K0005,"5,7",7
S0006,H0001,"28,26",31
S0006,H0002,"26,08",25
S0006,H0003,"21,99",23
S0006,B0001,"27,85",28
S0007,I0001,"4,74",5
S0007,I0002,"3,61",4
S0007,I0003,"5,72",7
S0007,C0001,"12,41",12
S0007,C0002,"13,3",15
S0007,C0003,"15,04",16
S0007,C0004,"7,55",7
S0007,C0005,"9,31",8
S0007,C0006,"14,79",12
S0007,C0007,"9,73",8
S0007,C0008,"14,87",16
S0007,P0001,"37,71",31
S0007,P0002,"63,77",53
S0007,P0003,"65,01",55
S0007,P0004,"60,94",52
S0007,P0005,"60,12",49
S0007,P0006,"60,51",51
S0007,P0007,"69,93",59
S0007,P0008,"62,43",55
S0007,P0009,"70,99",58
S0007,P0010,"62,08",54
S0007,S0001,"6,51",9
S0007,S0002,"7,21",10
S0007,S0003,"5,66",7
S0007,S0004,"6,25",8
S0007,S0005,"8,95",9
S0007,S0006,"25,41",25
S0007,S0008,"20,93",20
S0007,S0009,"8,17",8
S0007,S0010,"3,75",5
S0007,A0001,"14,63",16
S0007,A0002,"25,8",23
S0007,A0003,"26,28",23
S0007,A0004,"40,66",34
S0007,A0005,"42,69",43
S0007,A0006,"38,4",39
S0007,A0007,"15,85",12
S0007,A0008,"24,84",24
S0007,A0009,"24,9",22
S0007,A0010,"39,09",36
S0007,K0001,"17,18",13
S0007,K0002,"18,45",21
S0007,K0003,"48,17",46
S0007,K0004,"21,78",22
S0007,K0005,"19,97",19
S0007,H0001,"7,64",10
S0007,H0002,"6,29",7
S0007,H0003,"7,17",9
S0007,B0001,"3,36",4
S0008,I0001,"19,24",23
S0008,I0002,"19,8",23
S0008,I0003,"18,57",23
S0008,C0001,"30,15",29
S0008,C0002,"31,04",33
S0008,C0003,"32,78",34
S0008,C0004,"25,29",25
S0008,C0005,"27,05",25
S0008,C0006,"32,53",30
S0008,C0007,"27,47",26
S0008,C0008,"32,61",34
S0008,P0001,"21,05",20
S0008,P0002,"53,43",45
S0008,P0003,"56,83",49
S0008,P0004,"50,6",44
S0008,P0005,44,40
S0008,P0006,"47,68",43
S0008,P0007,"65,57",57
S0008,P0008,"52,1",47
S0008,P0009,"69,41",58
S0008,P0010,"51,75",46
S0008,S0001,18,22
S0008,S0002,"18,79",22
S0008,S0003,"18,51",23
S0008,S0004,"18,14",21
S0008,S0005,"29,52",28
S0008,S0006,"45,98",44
S0008,S0007,"21,23",21
S0008,S0009,"15,72",18
S0008,S0010,"19,63",22
S0008,A0001,"32,37",34
S0008,A0002,"7,13",9
S0008,A0003,"10,69",14
S0008,A0004,"35,88",39
S0008,A0005,"22,72",31
S0008,A0006,"45,29",51
S0008,A0007,"25,6",25
S0008,A0008,"45,41",43
S0008,A0009,"34,65",34
S0008,A0010,"43,05",45
S0008,K0001,"26,93",26
S0008,K0002,"36,19",39
S0008,K0003,"31,51",34
S0008,K0004,"34,07",36
S0008,K0005,"40,54",39
S0008,H0001,"17,92",22
S0008,H0002,"22,88",26
S0008,H0003,"26,23",27
S0008,B0001,"15,94",18
S0009,I0001,"7,12",10
S0009,I0002,"7,67",10
S0009,I0003,"6,45",10
S0009,C0001,"17,57",18
S0009,C0002,"18,46",21
S0009,C0003,"20,19",22
S0009,C0004,"12,7",14
S0009,C0005,"14,47",14
S0009,C0006,"19,94",19
S0009,C0007,"14,89",15
S0009,C0008,"20,03",22
S0009,P0001,"30,65",27
S0009,P0002,"63,04",53
S0009,P0003,"65,2",57
S0009,P0004,"60,21",52
S0009,P0005,"53,61",48
S0009,P0006,"57,28",50
S0009,P0007,"70,12",62
S0009,P0008,"61,71",55
S0009,P0009,"71,18",61
S0009,P0010,"61,36",54
S0009,S0001,"5,87",9
S0009,S0002,"6,66",9
S0009,S0003,"6,38",10
S0009,S0004,"6,02",8
S0009,S0005,"13,38",15
S0009,S0006,"30,78",32
S0009,S0007,"6,86",9
S0009,S0008,"13,87",16
S0009,S0010,"7,04",11
S0009,A0001,"19,78",23
S0009,A0002,"18,74",19
S0009,A0003,"19,36",22
S0009,A0004,"40,84",37
S0009,A0005,"42,88",45
S0009,A0006,"38,57",41
S0009,A0007,"16,03",14
S0009,A0008,"30,2",31
S0009,A0009,"25,09",24
S0009,A0010,"39,26",37
S0009,K0001,"17,37",16
S0009,K0002,"23,61",28
S0009,K0003,"41,12",42
S0009,K0004,"21,95",23
S0009,K0005,"25,33",27
S0009,H0001,"5,79",9
S0009,H0002,"10,75",13
S0009,H0003,"13,65",16
S0009,B0001,"3,81",5
S0010,I0001,"7,6",9
S0010,I0002,"6,47",8
S0010,I0003,"8,58",11
S0010,C0001,"10,71",13
S0010,C0002,"11,61",17
S0010,C0003,"13,34",18
S0010,C0004,"5,85",9
S0010,C0005,"7,62",9
S0010,C0006,"13,09",14
S0010,C0007,"8,04",10
S0010,C0008,"13,18",18
S0010,P0001,36,32
S0010,P0002,"62,05",54
S0010,P0003,"63,29",55
S0010,P0004,"59,22",52
S0010,P0005,"58,4",49
S0010,P0006,"58,8",52
S0010,P0007,"68,21",60
S0010,P0008,"60,72",55
S0010,P0009,"69,28",59
S0010,P0010,"60,37",54
S0010,S0001,"9,38",13
S0010,S0002,"10,08",14
S0010,S0003,"8,52",11
S0010,S0004,"9,11",12
S0010,S0005,"11,82",13
S0010,S0006,"28,28",29
S0010,S0007,"3,53",5
S0010,S0008,"19,22",21
S0010,S0009,"6,46",9
S0010,A0001,"12,93",18
S0010,A0002,"24,08",23
S0010,A0003,"24,57",23
S0010,A0004,"38,94",35
S0010,A0005,"40,97",43
S0010,A0006,"41,26",43
S0010,A0007,"14,13",12
S0010,A0008,"27,71",28
S0010,A0009,"23,18",22
S0010,A0010,"41,96",40
S0010,K0001,"15,47",14
S0010,K0002,"16,75",23
S0010,K0003,"46,46",46
S0010,K0004,"24,64",26
S0010,K0005,"22,84",23
S0010,H0001,"10,51",14
S0010,H0002,"9,16",11
S0010,H0003,"8,33",11
S0010,B0001,"4,04",7
A0001,I0001,"18,38",21
A0001,I0002,"17,25",19
A0001,I0003,"19,36",23
A0001,C0001,"7,49",12
A0001,C0002,"3,97",9
A0001,C0003,"1,28",3
A0001,C0004,"12,35",17
A0001,C0005,"8,88",12
A0001,C0006,"9,86",13
A0001,C0007,"8,69",12
A0001,C0008,"1,91",5
A0001,P0001,"48,45",45
A0001,P0002,"59,86",56
A0001,P0003,"61,1",57
A0001,P0004,"57,03",55
A0001,P0005,"56,21",51
A0001,P0006,"56,6",54
A0001,P0007,"66,02",62
A0001,P0008,"58,52",58
A0001,P0009,"67,08",61
A0001,P0010,"58,17",57
A0001,S0001,"20,15",24
A0001,S0002,"20,86",25
A0001,S0003,"19,3",23
A0001,S0004,"19,89",24
A0001,S0005,"21,06",23
A0001,S0006,"32,09",32
A0001,S0007,"14,31",17
A0001,S0008,"31,67",34
A0001,S0009,"18,91",22
A0001,S0010,"12,78",18
A0001,A0002,"31,94",37
A0001,A0003,"22,37",25
A0001,A0004,"36,75",37
A0001,A0005,"38,78",45
A0001,A0006,"52,04",55
A0001,A0007,"11,94",15
A0001,A0008,"31,51",31
A0001,A0009,"11,68",17
A0001,A0010,"52,74",51
A0001,K0001,"13,27",16
A0001,K0002,"4,69",9
A0001,K0003,"59,71",58
A0001,K0004,"35,42",38
A0001,K0005,"28,45",29
A0001,H0001,"21,29",26
A0001,H0002,"19,93",23
A0001,H0003,"17,33",21
A0001,B0001,"16,5",20
A0002,I0001,"24,11",25
A0002,I0002,"24,66",25
A0002,I0003,"23,44",25
A0002,C0001,"35,02",32
A0002,C0002,"31,68",35
A0002,C0003,"33,41",37
A0002,C0004,"30,15",27
A0002,C0005,"31,92",28
A0002,C0006,"37,39",32
A0002,C0007,"32,34",28
A0002,C0008,"34,02",39
A0002,P0001,"25,91",22
A0002,P0002,"53,98",46
A0002,P0003,"51,77",50
A0002,P0004,"51,15",45
A0002,P0005,"44,55",41
A0002,P0006,"48,23",43
A0002,P0007,"56,69",55
A0002,P0008,"52,65",48
A0002,P0009,"57,75",53
A0002,P0010,"52,3",47
A0002,S0001,"22,86",24
A0002,S0002,"23,65",24
A0002,S0003,"23,38",25
A0002,S0004,"23,01",24
A0002,S0005,"34,38",30
A0002,S0006,"50,84",47
A0002,S0007,"26,1",23
A0002,S0008,"7,13",9
A0002,S0009,"20,59",20
A0002,S0010,"24,49",24
A0002,A0001,33,37
A0002,A0003,"3,57",5
A0002,A0004,"30,18",32
A0002,A0005,"17,01",24
A0002,A0006,"50,15",53
A0002,A0007,"19,99",23
A0002,A0008,"50,27",46
A0002,A0009,"28,59",28
A0002,A0010,"47,91",48
A0002,K0001,"11,84",13
A0002,K0002,"35,89",36
A0002,K0003,"36,37",36
A0002,K0004,"38,94",38
A0002,K0005,"45,4",41
A0002,H0001,"22,79",24
A0002,H0002,"27,74",28
A0002,H0003,"31,1",29
A0002,B0001,"20,8",20
A0003,I0001,"27,39",30
A0003,I0002,"26,26",29
A0003,I0003,"28,37",32
A0003,C0001,"24,12",25
A0003,C0002,"22,11",23
A0003,C0003,"23,84",25
A0003,C0004,"23,29",30
A0003,C0005,22,23
A0003,C0006,"26,49",26
A0003,C0007,"23,89",23
A0003,C0008,"24,45",27
A0003,P0001,"29,48",27
A0003,P0002,"52,65",53
A0003,P0003,"50,44",57
A0003,P0004,"49,82",52
A0003,P0005,"43,22",47
A0003,P0006,"46,9",50
A0003,P0007,"55,36",61
A0003,P0008,"51,32",55
A0003,P0009,"56,42",60
A0003,P0010,"50,97",54
A0003,S0001,"25,13",31
A0003,S0002,"25,92",32
A0003,S0003,"28,31",32
A0003,S0004,"25,28",31
A0003,S0005,"31,61",33
A0003,S0006,"48,07",50
A0003,S0007,"23,32",26
A0003,S0008,"10,69",14
A0003,S0009,"21,59",27
A0003,S0010,"21,72",27
A0003,A0001,"23,43",25
A0003,A0002,"3,57",5
A0003,A0004,"28,85",38
A0003,A0005,"15,68",30
A0003,A0006,"53,72",58
A0003,A0007,"10,42",11
A0003,A0008,"47,5",49
A0003,A0009,"18,01",20
A0003,A0010,"51,48",53
A0003,K0001,"9,19",10
A0003,K0002,"23,15",26
A0003,K0003,"39,94",41
A0003,K0004,"41,2",46
A0003,K0005,"42,63",44
A0003,H0001,"25,05",32
A0003,H0002,"28,95",32
A0003,H0003,"28,32",32
A0003,B0001,"21,2",26
A0004,I0001,"44,91",38
A0004,I0002,"43,78",37
A0004,I0003,"45,9",40
A0004,C0001,"38,49",36
A0004,C0002,"36,48",35
A0004,C0003,"38,21",36
A0004,C0004,"40,81",38
A0004,C0005,"36,37",34
A0004,C0006,"40,86",37
A0004,C0007,"38,26",35
A0004,C0008,"38,82",38
A0004,P0001,"55,2",48
A0004,P0002,"34,34",36
A0004,P0003,"35,58",37
A0004,P0004,"31,51",34
A0004,P0005,"30,19",32
A0004,P0006,"31,09",34
A0004,P0007,"40,5",42
A0004,P0008,"33,01",37
A0004,P0009,"41,56",41
A0004,P0010,"32,66",36
A0004,S0001,"42,65",39
A0004,S0002,"43,44",40
A0004,S0003,"45,83",40
A0004,S0004,"42,8",39
A0004,S0005,"49,13",42
A0004,S0006,"65,59",58
A0004,S0007,"40,85",34
A0004,S0008,"35,88",39
A0004,S0009,"39,11",35
A0004,S0010,"39,24",35
A0004,A0001,"37,8",36
A0004,A0002,"30,18",32
A0004,A0003,"33,77",32
A0004,A0005,"23,57",33
A0004,A0006,"75,35",71
A0004,A0007,"24,79",22
A0004,A0008,"65,02",57
A0004,A0009,"19,94",21
A0004,A0010,"76,04",67
A0004,K0001,"24,66",23
A0004,K0002,"27,24",28
A0004,K0003,"44,5",46
A0004,K0004,"58,73",54
A0004,K0005,"60,15",52
A0004,H0001,"42,57",40
A0004,H0002,"46,47",40
A0004,H0003,"45,85",40
A0004,B0001,"38,72",34
A0005,I0001,"46,95",47
A0005,I0002,"45,82",45
A0005,I0003,"47,93",49
A0005,C0001,"40,52",45
A0005,C0002,"38,51",44
A0005,C0003,"40,24",45
A0005,C0004,"42,85",46
A0005,C0005,"38,41",43
A0005,C0006,"42,9",46
A0005,C0007,"40,3",44
A0005,C0008,"40,86",47
A0005,P0001,"32,08",49
A0005,P0002,"38,96",46
A0005,P0003,"42,35",50
A0005,P0004,"36,13",45
A0005,P0005,"29,53",40
A0005,P0006,"33,2",43
A0005,P0007,"48,8",56
A0005,P0008,"37,63",48
A0005,P0009,"49,87",55
A0005,P0010,"37,28",47
A0005,S0001,"44,68",48
A0005,S0002,"45,47",48
A0005,S0003,"47,86",49
A0005,S0004,"44,83",48
A0005,S0005,"51,16",50
A0005,S0006,"67,62",67
A0005,S0007,"42,88",43
A0005,S0008,"22,72",31
A0005,S0009,"41,14",43
A0005,S0010,"41,27",44
A0005,A0001,"39,83",45
A0005,A0002,"17,01",24
A0005,A0003,"15,68",31
A0005,A0004,"23,57",33
A0005,A0006,"77,38",80
A0005,A0007,"26,82",31
A0005,A0008,"67,05",65
A0005,A0009,"21,97",29
A0005,A0010,"63,51",70
A0005,K0001,"26,69",31
A0005,K0002,"29,27",37
A0005,K0003,"33,04",47
A0005,K0004,"60,76",63
A0005,K0005,"62,18",61
A0005,H0001,"44,6",48
A0005,H0002,"48,5",49
A0005,H0003,"47,88",49
A0005,B0001,"40,75",43
A0006,I0001,"34,14",35
A0006,I0002,"34,55",36
A0006,I0003,"33,53",35
A0006,C0001,"50,47",51
A0006,C0002,"51,36",54
A0006,C0003,"53,1",56
A0006,C0004,"45,61",47
A0006,C0005,"47,37",47
A0006,C0006,"52,85",52
A0006,C0007,"47,79",48
A0006,C0008,"52,93",55
A0006,P0001,"44,61",41
A0006,P0002,"93,94",76
A0006,P0003,"97,33",80
A0006,P0004,"91,11",75
A0006,P0005,"84,51",70
A0006,P0006,"88,18",73
A0006,P0007,"106,08",87
A0006,P0008,"92,6",78
A0006,P0009,"109,91",88
A0006,P0010,"92,25",77
A0006,S0001,"33,16",35
A0006,S0002,"33,42",35
A0006,S0003,"33,47",35
A0006,S0004,"33,28",35
A0006,S0005,"38,31",37
A0006,S0006,"59,56",58
A0006,S0007,"38,16",40
A0006,S0008,"46,66",51
A0006,S0009,"39,74",42
A0006,S0010,"41,81",45
A0006,A0001,"52,69",56
A0006,A0002,"51,52",53
A0006,A0003,"55,09",58
A0006,A0004,"75,41",71
A0006,A0005,"77,44",80
A0006,A0007,"50,6",49
A0006,A0008,"58,99",57
A0006,A0009,"59,65",59
A0006,A0010,"3,42",5
A0006,K0001,"51,93",51
A0006,K0002,"56,51",61
A0006,K0003,"72,01",65
A0006,K0004,"21,11",27
A0006,K0005,"54,12",52
A0006,H0001,"33,87",36
A0006,H0002,"37,06",37
A0006,H0003,"45,72",44
A0006,B0001,"38,36",40
A0007,I0001,"20,12",16
A0007,I0002,"18,99",14
A0007,I0003,"21,11",18
A0007,C0001,"13,7",14
A0007,C0002,"11,69",13
A0007,C0003,"13,42",14
A0007,C0004,"16,02",15
A0007,C0005,"11,59",12
A0007,C0006,"16,07",15
A0007,C0007,"13,47",13
A0007,C0008,"14,03",16
A0007,P0001,"42,25",35
A0007,P0002,"47,92",41
A0007,P0003,"49,16",43
A0007,P0004,"45,09",40
A0007,P0005,"44,27",37
A0007,P0006,"44,67",40
A0007,P0007,"54,08",48
A0007,P0008,"46,59",43
A0007,P0009,"55,14",46
A0007,P0010,"46,24",42
A0007,S0001,"17,86",17
A0007,S0002,"18,65",18
A0007,S0003,"21,04",18
A0007,S0004,"18,01",17
A0007,S0005,"24,34",19
A0007,S0006,"40,8",36
A0007,S0007,"16,06",12
A0007,S0008,"25,47",24
A0007,S0009,"14,32",12
A0007,S0010,"14,45",13
A0007,A0001,"13,01",14
A0007,A0002,"20,01",23
A0007,A0003,"10,44",11
A0007,A0004,"24,81",22
A0007,A0005,"26,84",31
A0007,A0006,"50,56",49
A0007,A0008,"40,23",35
A0007,A0009,"9,05",10
A0007,A0010,"51,25",45
A0007,K0001,"1,33",1
A0007,K0002,"14,19",16
A0007,K0003,"47,78",44
A0007,K0004,"33,94",32
A0007,K0005,"35,36",30
A0007,H0001,"17,78",18
A0007,H0002,"21,68",18
A0007,H0003,"21,06",18
A0007,B0001,"13,93",12
A0008,I0001,"24,79",25
A0008,I0002,"23,07",23
A0008,I0003,"25,77",27
A0008,C0001,"26,03",24
A0008,C0002,"29,77",28
A0008,C0003,"31,5",29
A0008,C0004,"23,26",25
A0008,C0005,"25,56",21
A0008,C0006,"24,96",22
A0008,C0007,"25,37",22
A0008,C0008,"28,5",28
A0008,P0001,"58,38",51
A0008,P0002,"87,42",75
A0008,P0003,"88,66",77
A0008,P0004,"84,59",74
A0008,P0005,"83,77",71
A0008,P0006,"84,16",74
A0008,P0007,"93,58",82
A0008,P0008,"86,08",77
A0008,P0009,"94,64",81
A0008,P0010,"85,73",76
A0008,S0001,"26,56",28
A0008,S0002,"29,88",29
A0008,S0003,"25,7",27
A0008,S0004,"26,3",28
A0008,S0005,"22,37",21
A0008,S0006,"0,57",1
A0008,S0007,"24,53",24
A0008,S0008,"44,58",43
A0008,S0009,"31,82",31
A0008,S0010,"25,69",27
A0008,A0001,"31,09",29
A0008,A0002,"49,45",45
A0008,A0003,"49,93",45
A0008,A0004,"64,31",56
A0008,A0005,"66,34",65
A0008,A0006,"58,98",56
A0008,A0007,"39,5",34
A0008,A0009,"48,55",44
A0008,A0010,"59,68",52
A0008,K0001,"40,83",35
A0008,K0002,"34,91",34
A0008,K0003,"71,83",68
A0008,K0004,"42,36",39
A0008,K0005,"5,12",5
A0008,H0001,"27,69",30
A0008,H0002,"25,51",23
A0008,H0003,"21,42",22
A0008,B0001,"27,28",26
A0009,I0001,"29,16",26
A0009,I0002,"28,03",24
A0009,I0003,"30,14",28
A0009,C0001,"22,73",24
A0009,C0002,"20,73",22
A0009,C0003,"10,4",13
A0009,C0004,"25,06",25
A0009,C0005,"20,62",22
A0009,C0006,"22,93",24
A0009,C0007,"22,51",22
A0009,C0008,"13,19",19
A0009,P0001,"53,61",45
A0009,P0002,"43,05",40
A0009,P0003,"44,3",41
A0009,P0004,"40,23",39
A0009,P0005,"39,41",35
A0009,P0006,"39,8",38
A0009,P0007,"49,22",46
A0009,P0008,"41,72",41
A0009,P0009,"50,28",45
A0009,P0010,"41,37",40
A0009,S0001,"26,9",27
A0009,S0002,"27,69",27
A0009,S0003,"30,08",28
A0009,S0004,"27,04",27
A0009,S0005,"33,38",29
A0009,S0006,"49,84",45
A0009,S0007,"25,09",22
A0009,S0008,"34,51",34
A0009,S0009,"23,36",22
A0009,S0010,"23,49",23
A0009,A0001,"11,76",17
A0009,A0002,"28,59",28
A0009,A0003,"18,01",20
A0009,A0004,"19,95",21
A0009,A0005,"21,98",29
A0009,A0006,"59,59",59
A0009,A0007,"9,04",10
A0009,A0008,"49,26",44
A0009,A0010,"60,29",55
A0009,K0001,"8,91",10
A0009,K0002,"7,07",8
A0009,K0003,"42,91",42
A0009,K0004,"42,97",41
A0009,K0005,"44,39",40
A0009,H0001,"26,82",27
A0009,H0002,"30,71",28
A0009,H0003,"30,09",28
A0009,B0001,"22,97",22
A0010,I0001,"34,82",31
A0010,I0002,"35,24",32
A0010,I0003,"34,22",31
A0010,C0001,"51,15",47
A0010,C0002,"52,05",50
A0010,C0003,"53,78",52
A0010,C0004,"46,29",43
A0010,C0005,"48,06",43
A0010,C0006,"53,53",48
A0010,C0007,"48,48",44
A0010,C0008,"53,62",52
A0010,P0001,"41,2",36
A0010,P0002,"90,52",70
A0010,P0003,"93,91",74
A0010,P0004,"87,69",69
A0010,P0005,"81,09",65
A0010,P0006,"84,76",68
A0010,P0007,"102,66",82
A0010,P0008,"89,19",72
A0010,P0009,"106,49",83
A0010,P0010,"88,84",71
A0010,S0001,"33,84",31
A0010,S0002,"34,11",31
A0010,S0003,"34,15",31
A0010,S0004,"33,97",31
A0010,S0005,"38,99",34
A0010,S0006,"60,24",54
A0010,S0007,"38,84",36
A0010,S0008,"43,24",45
A0010,S0009,"40,43",38
A0010,S0010,"42,5",41
A0010,A0001,"53,37",52
A0010,A0002,"48,11",48
A0010,A0003,"51,67",53
A0010,A0004,"76,09",67
A0010,A0005,"63,7",70
A0010,A0006,"3,42",5
A0010,A0007,"51,28",45
A0010,A0008,"59,67",53
A0010,A0009,"60,34",55
A0010,K0001,"52,62",47
A0010,K0002,"57,19",57
A0010,K0003,"68,6",59
A0010,K0004,"21,8",23
A0010,K0005,"54,8",48
A0010,H0001,"34,56",32
A0010,H0002,"37,74",33
A0010,H0003,"46,4",40
A0010,B0001,"39,05",36
K0001,I0001,"21,44",18
K0001,I0002,"20,31",16
K0001,I0003,"22,42",19
K0001,C0001,"15,01",15
K0001,C0002,"13,01",14
K0001,C0003,"14,74",15
K0001,C0004,"17,34",17
K0001,C0005,"12,9",13
K0001,C0006,"17,39",16
K0001,C0007,"14,79",14
K0001,C0008,"15,35",18
K0001,P0001,"43,57",37
K0001,P0002,"47,78",42
K0001,P0003,"49,02",43
K0001,P0004,"44,95",41
K0001,P0005,"44,13",37
K0001,P0006,"44,52",40
K0001,P0007,"53,94",48
K0001,P0008,"46,44",43
K0001,P0009,55,47
K0001,P0010,"46,09",42
K0001,S0001,"19,18",19
K0001,S0002,"19,97",19
K0001,S0003,"22,36",20
K0001,S0004,"19,32",18
K0001,S0005,"25,66",21
K0001,S0006,"42,12",37
K0001,S0007,"17,37",14
K0001,S0008,"26,79",26
K0001,S0009,"15,64",14
K0001,S0010,"15,77",15
K0001,A0001,"14,33",16
K0001,A0002,"11,89",13
K0001,A0003,"9,25",10
K0001,A0004,"24,67",23
K0001,A0005,"26,7",31
K0001,A0006,"51,87",51
K0001,A0007,"1,32",2
K0001,A0008,"41,55",36
K0001,A0009,"8,91",10
K0001,A0010,"52,57",47
K0001,K0002,"14,05",17
K0001,K0003,"47,63",44
K0001,K0004,"35,25",33
K0001,K0005,"36,68",31
K0001,H0001,"19,1",19
K0001,H0002,23,19
K0001,H0003,"22,37",20
K0001,B0001,"15,25",13
K0002,I0001,"22,2",26
K0002,I0002,"21,07",24
K0002,I0003,"23,18",28
K0002,C0001,"11,31",17
K0002,C0002,"7,79",14
K0002,C0003,"3,41",5
K0002,C0004,"16,17",22
K0002,C0005,"13,62",18
K0002,C0006,"12,06",18
K0002,C0007,"13,43",18
K0002,C0008,"6,21",11
K0002,P0001,"48,57",47
K0002,P0002,"50,35",47
K0002,P0003,"51,59",49
K0002,P0004,"47,52",46
K0002,P0005,"46,7",43
K0002,P0006,"47,1",46
K0002,P0007,"56,52",54
K0002,P0008,"49,02",49
K0002,P0009,"57,58",53
K0002,P0010,"48,67",48
K0002,S0001,"23,98",29
K0002,S0002,"24,68",30
K0002,S0003,"23,12",28
K0002,S0004,"23,71",29
K0002,S0005,"24,88",27
K0002,S0006,"36,83",38
K0002,S0007,"18,14",22
K0002,S0008,"31,79",36
K0002,S0009,"20,64",24
K0002,S0010,"16,6",23
K0002,A0001,"4,78",9
K0002,A0002,"35,89",36
K0002,A0003,"23,15",26
K0002,A0004,"27,24",28
K0002,A0005,"29,27",37
K0002,A0006,"55,86",60
K0002,A0007,"14,18",16
K0002,A0008,"36,26",37
K0002,A0009,"7,07",8
K0002,A0010,"56,56",56
K0002,K0001,"14,05",16
K0002,K0003,"50,21",50
K0002,K0004,"39,25",43
K0002,K0005,"33,19",35
K0002,H0001,"25,11",31
K0002,H0002,"23,76",27
K0002,H0003,"21,15",26
K0002,B0001,"20,32",24
K0003,I0001,"46,33",48
K0003,I0002,"46,88",48
K0003,I0003,"45,66",47
K0003,C0001,"57,24",54
K0003,C0002,"59,45",57
K0003,C0003,"61,18",58
K0003,C0004,"52,37",50
K0003,C0005,"54,14",50
K0003,C0006,"59,61",55
K0003,C0007,"54,56",51
K0003,C0008,"59,7",58
K0003,P0001,"28,15",26
K0003,P0002,"39,37",34
K0003,P0003,"42,77",38
K0003,P0004,"36,55",33
K0003,P0005,"29,95",29
K0003,P0006,"33,62",32
K0003,P0007,"51,51",46
K0003,P0008,"38,04",36
K0003,P0009,"55,35",47
K0003,P0010,"37,69",35
K0003,S0001,"45,08",46
K0003,S0002,"46,7",46
K0003,S0003,"45,6",47
K0003,S0004,"45,23",46
K0003,S0005,"56,6",53
K0003,S0006,"73,06",69
K0003,S0007,"48,32",46
K0003,S0008,"31,58",34
K0003,S0009,"42,81",43
K0003,S0010,"46,71",47
K0003,A0001,"60,77",58
K0003,A0002,"36,45",36
K0003,A0003,"40,02",41
K0003,A0004,"44,5",46
K0003,A0005,"33,02",47
K0003,A0006,"71,91",65
K0003,A0007,"47,76",44
K0003,A0008,"72,49",68
K0003,A0009,"42,91",42
K0003,A0010,"68,49",60
K0003,K0001,"47,63",44
K0003,K0002,"50,21",50
K0003,K0004,"66,58",57
K0003,K0005,"67,62",64
K0003,H0001,"45,01",47
K0003,H0002,"49,96",51
K0003,H0003,"53,32",52
K0003,B0001,"43,02",43
K0004,I0001,"17,5",18
K0004,I0002,"17,91",19
K0004,I0003,"16,89",18
K0004,C0001,"33,83",34
K0004,C0002,"34,72",37
K0004,C0003,"36,46",38
K0004,C0004,"28,97",30
K0004,C0005,"30,73",30
K0004,C0006,"36,21",35
K0004,C0007,"31,15",30
K0004,C0008,"36,29",38
K0004,P0001,"39,15",34
K0004,P0002,"88,47",68
K0004,P0003,"91,87",72
K0004,P0004,"85,64",67
K0004,P0005,"79,04",63
K0004,P0006,"82,72",66
K0004,P0007,"88,04",79
K0004,P0008,"87,14",70
K0004,P0009,"89,1",78
K0004,P0010,"86,79",69
K0004,S0001,"16,52",17
K0004,S0002,"16,78",17
K0004,S0003,"16,83",18
K0004,S0004,"16,64",17
K0004,S0005,"21,67",20
K0004,S0006,"42,92",40
K0004,S0007,"21,52",23
K0004,S0008,"34,31",35
K0004,S0009,"23,1",24
K0004,S0010,"25,17",27
K0004,A0001,"36,05",39
K0004,A0002,"39,18",37
K0004,A0003,"39,79",41
K0004,A0004,"58,77",54
K0004,A0005,"60,8",63
K0004,A0006,"21,09",27
K0004,A0007,"33,96",32
K0004,A0008,"42,35",39
K0004,A0009,"43,01",42
K0004,A0010,"21,79",23
K0004,K0001,"35,29",33
K0004,K0002,"39,87",43
K0004,K0003,"66,55",57
K0004,K0005,"37,48",34
K0004,H0001,"17,23",19
K0004,H0002,"20,42",19
K0004,H0003,"29,08",27
K0004,B0001,"21,72",22
K0005,I0001,"19,92",21
K0005,I0002,"18,2",18
K0005,I0003,"20,9",22
K0005,C0001,"22,97",22
K0005,C0002,"26,7",26
K0005,C0003,"28,43",27
K0005,C0004,"18,39",20
K0005,C0005,"22,5",20
K0005,C0006,"21,9",21
K0005,C0007,"22,31",20
K0005,C0008,"25,43",26
K0005,P0001,"53,51",47
K0005,P0002,"82,55",71
K0005,P0003,"83,79",72
K0005,P0004,"79,72",70
K0005,P0005,"78,9",66
K0005,P0006,"79,29",69
K0005,P0007,"88,71",77
K0005,P0008,"81,21",73
K0005,P0009,"89,77",76
K0005,P0010,"80,86",72
K0005,S0001,"21,69",24
K0005,S0002,"25,01",25
K0005,S0003,"20,83",22
K0005,S0004,"21,43",24
K0005,S0005,"17,5",17
K0005,S0006,"5,7",7
K0005,S0007,"19,66",19
K0005,S0008,"39,71",38
K0005,S0009,"26,95",26
K0005,S0010,"20,82",22
K0005,A0001,"28,03",28
K0005,A0002,"44,58",40
K0005,A0003,"45,06",40
K0005,A0004,"59,44",52
K0005,A0005,"61,47",60
K0005,A0006,"54,11",52
K0005,A0007,"34,63",30
K0005,A0008,"5,12",5
K0005,A0009,"43,68",40
K0005,A0010,"54,81",48
K0005,K0001,"35,96",31
K0005,K0002,"31,85",33
K0005,K0003,"66,96",63
K0005,K0004,"37,49",34
K0005,H0001,"22,82",25
K0005,H0002,"20,64",19
K0005,H0003,"16,55",17
K0005,B0001,"22,41",22
H0001,I0001,"3,53",6
H0001,I0002,"4,78",8
H0001,I0003,"2,86",6
H0001,C0001,"19,21",21
H0001,C0002,"20,1",24
H0001,C0003,"21,84",25
H0001,C0004,"14,35",17
H0001,C0005,"16,11",17
H0001,C0006,"21,59",22
H0001,C0007,"16,54",17
H0001,C0008,"21,67",25
H0001,P0001,"31,45",28
H0001,P0002,"65,2",57
H0001,P0003,"66,58",60
H0001,P0004,"62,37",56
H0001,P0005,"55,77",52
H0001,P0006,"59,44",54
H0001,P0007,"71,5",65
H0001,P0008,"63,86",59
H0001,P0009,"72,56",63
H0001,P0010,"63,51",58
H0001,S0001,"2,28",5
H0001,S0002,"1,82",4
H0001,S0003,"2,79",6
H0001,S0004,"2,43",5
H0001,S0005,"9,79",12
H0001,S0006,"27,6",31
H0001,S0007,"6,9",10
H0001,S0008,"18,62",21
H0001,S0009,"6,56",10
H0001,S0010,"9,71",14
H0001,A0001,"21,43",26
H0001,A0002,"23,49",23
H0001,A0003,"27,85",28
H0001,A0004,"42,23",39
H0001,A0005,"44,26",48
H0001,A0006,"34,12",36
H0001,A0007,"17,42",17
H0001,A0008,"27,03",30
H0001,A0009,"26,47",27
H0001,A0010,"34,81",33
H0001,K0001,"18,75",18
H0001,K0002,"25,25",31
H0001,K0003,"43,27",46
H0001,K0004,"17,5",19
H0001,K0005,"22,16",26
H0001,H0002,"7,16",10
H0001,H0003,"13,11",17
H0001,B0001,"5,18",8
H0002,I0001,"4,6",7
H0002,I0002,"3,17",5
H0002,I0003,"5,58",8
H0002,C0001,"19,18",20
H0002,C0002,"20,08",23
H0002,C0003,"21,81",24
H0002,C0004,"14,79",16
H0002,C0005,"16,09",16
H0002,C0006,"21,56",21
H0002,C0007,"16,51",16
H0002,C0008,"21,65",24
H0002,P0001,"35,57",32
H0002,P0002,"70,54",61
H0002,P0003,"71,78",63
H0002,P0004,"67,71",60
H0002,P0005,"66,89",57
H0002,P0006,"67,29",60
H0002,P0007,"76,7",68
H0002,P0008,"69,21",63
H0002,P0009,"77,77",66
H0002,P0010,"68,86",62
H0002,S0001,"6,81",9
H0002,S0002,"7,07",10
H0002,S0003,"5,52",9
H0002,S0004,"6,93",9
H0002,S0005,"4,55",5
H0002,S0006,"25,8",25
H0002,S0007,"6,88",9
H0002,S0008,"25,23",27
H0002,S0009,"13,4",16
H0002,S0010,"10,53",13
H0002,A0001,"21,4",25
H0002,A0002,"30,09",30
H0002,A0003,"33,06",31
H0002,A0004,"47,43",42
H0002,A0005,"49,46",51
H0002,A0006,"36,32",37
H0002,A0007,"22,62",20
H0002,A0008,"25,23",24
H0002,A0009,"31,67",30
H0002,A0010,"37,02",33
H0002,K0001,"23,96",21
H0002,K0002,"25,22",29
H0002,K0003,"49,87",52
H0002,K0004,"19,7",19
H0002,K0005,"20,36",19
H0002,H0001,"7,52",11
H0002,H0003,"11,96",12
H0002,B0001,"9,63",12
H0003,I0001,"13,15",12
H0003,I0002,"12,02",11
H0003,I0003,"14,13",14
H0003,C0001,"13,67",13
H0003,C0002,"14,56",17
H0003,C0003,"16,29",18
H0003,C0004,"5,16",7
H0003,C0005,"10,57",9
H0003,C0006,"16,04",14
H0003,C0007,"10,99",10
H0003,C0008,"16,13",18
H0003,P0001,"43,22",36
H0003,P0002,"69,28",58
H0003,P0003,"70,52",60
H0003,P0004,"66,45",57
H0003,P0005,"65,63",54
H0003,P0006,"66,02",56
H0003,P0007,"75,44",65
H0003,P0008,"67,94",60
H0003,P0009,"76,5",63
H0003,P0010,"67,59",59
H0003,S0001,"14,92",16
H0003,S0002,"15,62",17
H0003,S0003,"14,07",14
H0003,S0004,"14,66",16
H0003,S0005,"10,07",10
H0003,S0006,"21,97",23
H0003,S0007,"9,08",8
H0003,S0008,"26,44",25
H0003,S0009,"13,68",13
H0003,S0010,"7,55",9
H0003,A0001,"15,88",18
H0003,A0002,"31,31",28
H0003,A0003,"31,79",28
H0003,A0004,"46,17",39
H0003,A0005,"48,2",48
H0003,A0006,"46,69",45
H0003,A0007,"21,36",17
H0003,A0008,"21,4",22
H0003,A0009,"30,41",27
H0003,A0010,"47,39",41
H0003,K0001,"22,69",18
H0003,K0002,"19,71",23
H0003,K0003,"53,69",51
H0003,K0004,"30,07",27
H0003,K0005,"16,53",17
H0003,H0001,"16,05",17
H0003,H0002,"13,21",12
H0003,B0001,"11,27",11
B0001,I0001,"5,03",8
B0001,I0002,"6,01",6
B0001,I0003,"4,34",8
B0001,C0001,"15,36",15
B0001,C0002,"16,25",18
B0001,C0003,"17,98",19
B0001,C0004,"10,5",10
B0001,C0005,"12,26",10
B0001,C0006,"17,73",15
B0001,C0007,"12,68",11
B0001,C0008,"17,82",19
B0001,P0001,"32,01",28
B0001,P0002,"61,85",53
B0001,P0003,"63,09",54
B0001,P0004,"59,02",52
B0001,P0005,"54,97",48
B0001,P0006,"58,64",51
B0001,P0007,"68,01",59
B0001,P0008,"60,52",55
B0001,P0009,"69,07",58
B0001,P0010,"60,17",54
B0001,S0001,"5,63",8
B0001,S0002,"6,42",8
B0001,S0003,"4,28",8
B0001,S0004,"5,77",7
B0001,S0005,"11,35",11
B0001,S0006,"27,81",27
B0001,S0007,"3,05",3
B0001,S0008,"15,23",17
B0001,S0009,"4,02",5
B0001,S0010,"4,35",7
B0001,A0001,"17,57",19
B0001,A0002,"20,09",19
B0001,A0003,"24,37",22
B0001,A0004,"38,74",34
B0001,A0005,"40,77",42
B0001,A0006,"38,32",40
B0001,A0007,"13,93",12
B0001,A0008,"27,24",26
B0001,A0009,"22,98",22
B0001,A0010,"39,02",36
B0001,K0001,"15,27",13
B0001,K0002,"21,4",24
B0001,K0003,"42,47",42
B0001,K0004,"21,7",22
B0001,K0005,"22,37",22
B0001,H0001,"5,55",8
B0001,H0002,"8,69",9
B0001,H0003,"10,81",12